4 - List Of Successful Candidate,,,,,,,,
,,,,,,,,
SL. No.,STATE,CONSTITUENCY,WINNER NAME,CATEGORY,SOCIAL CATEGORY,PARTY,PARTY SYMBOL,MARGIN
1,Andaman & Nicobar Islands,Andaman & Nicobar Islands,KULDEEP RAI SHARMA,GEN,GENERAL,INC,Hand,1407
2,Andhra Pradesh,Kakinada,VANGA GEETHAVISWANATH,GEN,GENERAL,YSRCP,Ceiling Fan,25738
3,Andhra Pradesh,Amalapuram ,CHINTA ANURADHA,SC,SC,YSRCP,Ceiling Fan,39795
4,Andhra Pradesh,Rajahmundry,MARGANI BHARAT,GEN,GENERAL,YSRCP,Ceiling Fan,121634
5,Andhra Pradesh,Narsapuram,KANUMURU RAGHU RAMA KRISHNA RAJU,GEN,GENERAL,YSRCP,Ceiling Fan,32676
6,Andhra Pradesh,Eluru ,KOTAGIRI SRIDHAR,GEN,GENERAL,YSRCP,Ceiling Fan,165925
7,Andhra Pradesh,Machilipatnam ,BALASHOWRY VALLABHANENI,GEN,GENERAL,YSRCP,Ceiling Fan,60238
8,Andhra Pradesh,Vijayawada,KESINENI SRINIVAS (NANI),GEN,GENERAL,TDP,Bicycle,8726
9,Andhra Pradesh,Guntur,Jayadev Galla,GEN,GENERAL,TDP,Bicycle,4205
10,Andhra Pradesh,Narasaraopet,LAVU SRI KRISHNA DEVARAYALU,GEN,GENERAL,YSRCP,Ceiling Fan,154002
11,Andhra Pradesh,Bapatla ,NANDIGAM SURESH,SC,SC,YSRCP,Ceiling Fan,16065
12,Andhra Pradesh,Ongole ,MAGUNTA SREENIVASULU REDDY,GEN,GENERAL,YSRCP,Ceiling Fan,214851
13,Andhra Pradesh,Nandyal,POCHA . BRAHMANANDA REDDY,GEN,GENERAL,YSRCP,Ceiling Fan,250119
14,Andhra Pradesh,Kurnool,AYUSHMAN DOCTOR SANJEEV KUMAR,GEN,GENERAL,YSRCP,Ceiling Fan,149067
15,Andhra Pradesh,Anantapur,TALARI RANGAIAH,GEN,GENERAL,YSRCP,Ceiling Fan,141428
16,Andhra Pradesh,Hindupur,KURUVA GORANTLA MADHAV,GEN,GENERAL,YSRCP,Ceiling Fan,140748
17,Andhra Pradesh,Kadapa,Y.S.Avinash Reddy,GEN,GENERAL,YSRCP,Ceiling Fan,380726
18,Andhra Pradesh,Nellore,Adala Prabhakara Reddy,GEN,GENERAL,YSRCP,Ceiling Fan,148571
19,Andhra Pradesh,Tirupati ,Balli Durga Prasad Rao,SC,SC,YSRCP,Ceiling Fan,228376
20,Andhra Pradesh,Rajampet,P.V.MIDHUN REDDY,GEN,GENERAL,YSRCP,Ceiling Fan,268284
21,Andhra Pradesh,Chittoor ,N. REDDEPPA,SC,SC,YSRCP,Ceiling Fan,137271
22,Andhra Pradesh,Aruku ,GODDETI. MADHAVI,ST,ST,YSRCP,Ceiling Fan,224089
23,Andhra Pradesh,Srikakulam,KINJARAPU RAM MOHAN NAIDU,GEN,GENERAL,TDP,Bicycle,6653
24,Andhra Pradesh,Vizianagaram,Bellana Chandra Sekhar,GEN,GENERAL,YSRCP,Ceiling Fan,48036
25,Andhra Pradesh,Visakhapatnam,M V V SATYANARAYANA,GEN,GENERAL,YSRCP,Ceiling Fan,4414
26,Andhra Pradesh,Anakapalli,Dr.Beesetti Venkata Satyavathi,GEN,GENERAL,YSRCP,Ceiling Fan,89192
27,Arunachal Pradesh,ARUNACHAL WEST,KIREN RIJIJU,GEN,ST,BJP,Lotus,174843
28,Arunachal Pradesh,ARUNACHAL EAST,Tapir Gao,GEN,ST,BJP,Lotus,69948
29,Assam,Kaliabor,Gaurav Gogoi,GEN,GENERAL,INC,Hand,209994
30,Assam,Jorhat,TOPON KUMAR GOGOI,GEN,GENERAL,BJP,Lotus,82653
31,Assam,Dibrugarh,RAMESWAR TELI,GEN,GENERAL,BJP,Lotus,364566
32,Assam,Lakhimpur,PRADAN BARUAH,GEN,ST,BJP,Lotus,350551
33,Assam,Karimganj ,KRIPANATH MALLAH,SC,SC,BJP,Lotus,38389
34,Assam,Silchar,RAJDEEP ROY,GEN,GENERAL,BJP,Lotus,81596
35,Assam,Autonomous District,HOREN SING BEY,ST,ST,BJP,Lotus,239626
36,Assam,Dhubri,BADRUDDIN AJMAL,GEN,GENERAL,AIUDF,Lock and Key,226258
37,Assam,Kokrajhar,Naba Kumar Sarania,ST,ST,IND,Battery Torch,37786
38,Assam,Barpeta,Abdul Khaleque,GEN,GENERAL,INC,Hand,140307
39,Assam,Gauhati,QUEEN OJA,GEN,GENERAL,BJP,Lotus,345606
40,Assam,Mangaldoi,DILIP SAIKIA,GEN,GENERAL,BJP,Lotus,138545
41,Assam,Tezpur,PALLAB LOCHAN DAS,GEN,GENERAL,BJP,Lotus,242841
42,Assam,Nowgong,Pradyut Bordoloi,GEN,GENERAL,INC,Hand,16752
43,Bihar,Nalanda,Kaushlendra Kumar,GEN,GENERAL,JD(U),Arrow,256137
44,Bihar,Patna Sahib,RAVI SHANKAR PRASAD,GEN,GENERAL,BJP,Lotus,284657
45,Bihar,Pataliputra,RAM KRIPAL YADAV,GEN,GENERAL,BJP,Lotus,39321
46,Bihar,Arrah,R. K. Singh,GEN,GENERAL,BJP,Lotus,147285
47,Bihar,Buxar,Ashwini Kumar Choubey,GEN,GENERAL,BJP,Lotus,117609
48,Bihar,Valmiki Nagar,BAIDYANATH PRASAD MAHTO,GEN,GENERAL,JD(U),Arrow,354616
49,Bihar,Paschim Champaran,DR. SANJAY JAISWAL,GEN,GENERAL,BJP,Lotus,293906
50,Bihar,Sasaram (SC),CHHEDI PASWAN,SC,SC,BJP,Lotus,165745
51,Bihar,Purvi Champaran,RADHA MOHAN SINGH,GEN,GENERAL,BJP,Lotus,293648
52,Bihar,Karakat,MAHABALI SINGH,GEN,GENERAL,JD(U),Arrow,84542
53,Bihar,Sheohar,RAMA DEVI,GEN,GENERAL,BJP,Lotus,340360
54,Bihar,Jahanabad,CHANDESHWAR PRASAD,GEN,GENERAL,JD(U),Arrow,1751
55,Bihar,Sitamarhi,Sunil Kumar Pintu,GEN,GENERAL,JD(U),Arrow,250539
56,Bihar,Aurangabad,SUSHIL KUMAR SINGH,GEN,GENERAL,BJP,Lotus,70552
57,Bihar,Gaya (SC),Vijay Kumar,SC,SC,JD(U),Arrow,152426
58,Bihar,Madhubani,ASHOK KUMAR YADAV,GEN,GENERAL,BJP,Lotus,454940
59,Bihar,Nawada,Chandan Singh,GEN,GENERAL,LJP,Bungalow,148072
60,Bihar,Jhanjharpur,Ramprit Mandal,GEN,GENERAL,JD(U),Arrow,322951
61,Bihar,Jamui (SC),CHIRAG KUMAR PASWAN,SC,SC,LJP,Bungalow,241049
62,Bihar,Supaul,Dileshwar Kamait,GEN,GENERAL,JD(U),Arrow,266853
63,Bihar,Araria,PRADEEP KUMAR SINGH,GEN,GENERAL,BJP,Lotus,137241
64,Bihar,Kishanganj,Dr. Mohammad Jawed,GEN,GENERAL,INC,Hand,34466
65,Bihar,Katihar,DULAL CHANDRA GOSWAMI,GEN,GENERAL,JD(U),Arrow,57203
66,Bihar,Purnia,SANTOSH KUMAR,GEN,GENERAL,JD(U),Arrow,263461
67,Bihar,Madhepura,Dinesh Chandra Yadav,GEN,GENERAL,JD(U),Arrow,301527
68,Bihar,Darbhanga,Gopal Jee Thakur,GEN,GENERAL,BJP,Lotus,267979
69,Bihar,Muzaffarpur,Ajay Nishad,GEN,GENERAL,BJP,Lotus,409988
70,Bihar,Vaishali,Veena Devi (W/o Dinesh Prasad Singh),GEN,GENERAL,LJP,Bungalow,234584
71,Bihar,Gopalganj (SC),DR. ALOK KUMAR SUMAN,SC,SC,JD(U),Arrow,286434
72,Bihar,Siwan,Kavita Singh,GEN,GENERAL,JD(U),Arrow,116958
73,Bihar,Maharajganj,"Janardan Singh 'Sigriwal""",GEN,GENERAL,BJP,Lotus,230772
74,Bihar,Saran,Rajiv Pratap Rudy,GEN,GENERAL,BJP,Lotus,138411
75,Bihar,Hajipur (SC),PASHU PATI KUMAR PARAS,SC,SC,LJP,Bungalow,205449
76,Bihar,Ujiarpur,Nityanand Rai,GEN,GENERAL,BJP,Lotus,277278
77,Bihar,Samastipur (SC),Ramchandra Paswan,SC,SC,LJP,Bungalow,251643
78,Bihar,Begusarai,Giriraj Singh,GEN,GENERAL,BJP,Lotus,422217
79,Bihar,Khagaria,Choudhary Mehboob Ali Kaiser,GEN,GENERAL,LJP,Bungalow,248570
80,Bihar,Bhagalpur,AJAY KUMAR MANDAL,GEN,GENERAL,JD(U),Arrow,277630
81,Bihar,Banka,GIRIDHARI YADAV,GEN,GENERAL,JD(U),Arrow,200532
82,Bihar,Munger,RAJIV RANJAN SINGH ALIAS LALAN SINGH,GEN,GENERAL,JD(U),Arrow,167937
83,Chandigarh,CHANDIGARH,KIRRON KHER,GEN,GENERAL,BJP,Lotus,46970
84,Chhattisgarh,SARGUJA,Renuka Singh Saruta,ST,ST,BJP,Lotus,157873
85,Chhattisgarh,RAIGARH,GOMATI SAI,ST,ST,BJP,Lotus,66027
86,Chhattisgarh,JANJGIR-CHAMPA,GUHARAM AJGALLEY,SC,SC,BJP,Lotus,83255
87,Chhattisgarh,KORBA,JYOTSNA CHARANDAS MAHANT,GEN,GENERAL,INC,Hand,26249
88,Chhattisgarh,BILASPUR,ARUN SAO,GEN,GENERAL,BJP,Lotus,141763
89,Chhattisgarh,RAJNANDGAON,SANTOSH PANDEY,GEN,GENERAL,BJP,Lotus,111966
90,Chhattisgarh,DURG,VIJAY BAGHEL,GEN,GENERAL,BJP,Lotus,391978
91,Chhattisgarh,RAIPUR,Sunil Kumar Soni,GEN,GENERAL,BJP,Lotus,348238
92,Chhattisgarh,MAHASAMUND,CHUNNI LAL SAHU,GEN,GENERAL,BJP,Lotus,90511
93,Chhattisgarh,BASTAR,DEEPAK BAIJ,ST,ST,INC,Hand,38982
94,Chhattisgarh,KANKER,MOHAN MANDAVI,ST,ST,BJP,Lotus,6914
95,Dadra & Nagar Haveli,Dadra And Nagar Haveli,DELKAR MOHANBHAI SANJIBHAI,ST,ST,IND,Batsman,9001
96,Daman & Diu,Daman & diu,LALUBHAI BABUBHAI PATEL,GEN,GENERAL,BJP,Lotus,9942
97,Goa,North Goa,SHRIPAD YESSO NAIK,GEN,GENERAL,BJP,Lotus,80247
98,Goa,South Goa,COSME FRANCISCO CAITANO SARDINHA,GEN,GENERAL,INC,Hand,9755
99,Gujarat,Dahod,JASHVANTSINH SUMANBHAI BHABHOR,ST,ST,BJP,Lotus,127596
100,Gujarat,Vadodara,RANJANBEN BHATT,GEN,GENERAL,BJP,Lotus,589177
101,Gujarat,Chhota Udaipur,RATHVA GITABEN VAJESINGBHAI,ST,ST,BJP,Lotus,377943
102,Gujarat,Bharuch,Mansukhbhai Dhanjibhai Vasava,GEN,ST,BJP,Lotus,334214
103,Gujarat,Bardoli,PARBHUBHAI NAGARBHAI VASAVA,ST,ST,BJP,Lotus,215447
104,Gujarat,Surat,Darshana Vikram Jardosh,GEN,GENERAL,BJP,Lotus,548230
105,Gujarat,Navsari,C. R. Patil,GEN,GENERAL,BJP,Lotus,689668
106,Gujarat,Valsad,Dr.K.C.PATEL,ST,ST,BJP,Lotus,353797
107,Gujarat,Kachchh,CHAVDA VINOD LAKHAMSHI,SC,SC,BJP,Lotus,305513
108,Gujarat,Banaskantha,PARBATBHAI SAVABHAI PATEL,GEN,GENERAL,BJP,Lotus,368296
109,Gujarat,Patan,DABHI BHARATSINHJI SHANKARJI,GEN,GENERAL,BJP,Lotus,193879
110,Gujarat,Mahesana,SHARDABEN ANILBHAI PATEL,GEN,GENERAL,BJP,Lotus,281519
111,Gujarat,Sabarkantha,RATHOD DIPSINH SHANKARSINH,GEN,GENERAL,BJP,Lotus,268986
112,Gujarat,Gandhinagar,AMIT SHAH,GEN,GENERAL,BJP,Lotus,557014
113,Gujarat,Ahmedabad East,Patel Hasmukhbhai Somabhai,GEN,GENERAL,BJP,Lotus,434330
114,Gujarat,Ahmedabad West,DR. KIRIT P. SOLANKI,SC,SC,BJP,Lotus,321546
115,Gujarat,Surendranagar,Dr. MUNJAPARA MAHENDRABHAI,GEN,GENERAL,BJP,Lotus,277437
116,Gujarat,Rajkot,KUNDARIA MOHANBHAI KALYANJIBHAI,GEN,GENERAL,BJP,Lotus,368407
117,Gujarat,Porbandar,RAMESHBHAI LAVJIBHAI DHADUK,GEN,GENERAL,BJP,Lotus,229823
118,Gujarat,Jamnagar,POONAMBEN HEMATBHAI MAADAM,GEN,GENERAL,BJP,Lotus,236804
119,Gujarat,Junagadh,CHUDASAMA RAJESHBHAI NARANBHAI,GEN,GENERAL,BJP,Lotus,150211
120,Gujarat,Amreli,Kachhadiya Naranbhai Bhikhabhai,GEN,GENERAL,BJP,Lotus,201431
121,Gujarat,Bhavnagar,DR.BHARATIBEN DHIRUBHAI SHIYAL,GEN,GENERAL,BJP,Lotus,329519
122,Gujarat,Anand,PATEL MITESH RAMESHBHAI (BAKABHAI),GEN,GENERAL,BJP,Lotus,197718
123,Gujarat,Kheda,Chauhan Devusinh,GEN,GENERAL,BJP,Lotus,367145
124,Gujarat,Panchmahal,Ratansinh Magansinh Rathod,GEN,GENERAL,BJP,Lotus,428541
125,Haryana,Ambala,RATTAN LAL KATARIA,SC,SC,BJP,Lotus,342345
126,Haryana,Kurukshetra,NAYAB SINGH,GEN,GENERAL,BJP,Lotus,384591
127,Haryana,Sirsa,Sunita Duggal,SC,SC,BJP,Lotus,309918
128,Haryana,Hisar,BRIJENDRA SINGH,GEN,GENERAL,BJP,Lotus,314068
129,Haryana,Karnal,Sanjay Bhatia,GEN,GENERAL,BJP,Lotus,656142
130,Haryana,Sonipat,RAMESH CHANDER KAUSHIK,GEN,GENERAL,BJP,Lotus,164864
131,Haryana,Rohtak,ARVIND KUMAR SHARMA,GEN,GENERAL,BJP,Lotus,7503
132,Haryana,Bhiwani-Mahendragarh,Dharambir Singh S/o Bhale Ram,GEN,GENERAL,BJP,Lotus,444463
133,Haryana,Gurgaon,RAO INDERJIT SINGH,GEN,GENERAL,BJP,Lotus,386256
134,Haryana,Faridabad,KRISHAN PAL,GEN,GENERAL,BJP,Lotus,638239
135,Himachal Pradesh,Kangra,Kishan Kapoor,GEN,ST,BJP,Lotus,477623
136,Himachal Pradesh,Mandi,RAM SWAROOP SHARMA,GEN,GENERAL,BJP,Lotus,405459
137,Himachal Pradesh,Hamirpur,ANURAG SINGH THAKUR,GEN,GENERAL,BJP,Lotus,399572
138,Himachal Pradesh,Shimla,SURESH KUMAR KASHYAP,SC,SC,BJP,Lotus,327514
139,Jammu & Kashmir,Baramulla,MOHAMMAD AKBAR LONE,GEN,GENERAL,JKN,Plough,30233
140,Jammu & Kashmir,Srinagar,Farooq Abdullah,GEN,GENERAL,JKN,Plough,70050
141,Jammu & Kashmir,Anantnag,HASNAIN MASOODI,GEN,GENERAL,JKN,Plough,6676
142,Jammu & Kashmir,Ladakh,Jamyang Tsering Namgyal,GEN,ST,BJP,Lotus,10930
143,Jammu & Kashmir,Udhampur,DR. JITENDRA SINGH,GEN,GENERAL,BJP,Lotus,357252
144,Jammu & Kashmir,Jammu,Jugal Kishore,GEN,GENERAL,BJP,Lotus,302875
145,Jharkhand,Rajmahal,VIJAY KUMAR HANSDAK,ST,ST,JMM,Bow & Arrow,99195
146,Jharkhand,Dumka,SUNIL SOREN,ST,ST,BJP,Lotus,47590
147,Jharkhand,Godda,Nishikant Dubey,GEN,GENERAL,BJP,Lotus,184227
148,Jharkhand,Chatra,SUNIL KUMAR SINGH,GEN,GENERAL,BJP,Lotus,377871
149,Jharkhand,Kodarma,ANNPURNA DEVI,GEN,GENERAL,BJP,Lotus,455600
150,Jharkhand,Giridih,Chandra Prakash Choudhary,GEN,GENERAL,AJSUP,Banana,248347
151,Jharkhand,Dhanbad,PASHUPATI NATH SINGH,GEN,GENERAL,BJP,Lotus,486194
152,Jharkhand,Ranchi,SANJAY SETH,GEN,GENERAL,BJP,Lotus,282780
153,Jharkhand,Jamshedpur,Bidyut Baran Mahato,GEN,GENERAL,BJP,Lotus,302090
154,Jharkhand,Singhbhum,GEETA KORA,ST,ST,INC,Hand,72155
155,Jharkhand,Khunti,ARJUN MUNDA,ST,ST,BJP,Lotus,1445
156,Jharkhand,Lohardaga,SUDARSHAN BHAGAT,ST,ST,BJP,Lotus,10363
157,Jharkhand,Palamau,VISHNU DAYAL RAM,SC,SC,BJP,Lotus,477606
158,Jharkhand,Hazaribagh,JAYANT SINHA,GEN,GENERAL,BJP,Lotus,479548
159,Karnataka,Gulbarga,DR. UMESH G JADHAV,SC,SC,BJP,Lotus,95452
160,Karnataka,Raichur,RAJA AMARESHWARA NAIK,ST,ST,BJP,Lotus,117716
161,Karnataka,Bidar,BHAGWANTH KHUBA,GEN,GENERAL,BJP,Lotus,116834
162,Karnataka,Koppal,KARADI SANGANNA AMARAPPA,GEN,GENERAL,BJP,Lotus,38397
163,Karnataka,Bellary,Y. DEVENDRAPPA,ST,ST,BJP,Lotus,55707
164,Karnataka,Haveri,UDASI. S.C.,GEN,GENERAL,BJP,Lotus,140882
165,Karnataka,Dharwad,Pralhad Joshi,GEN,GENERAL,BJP,Lotus,205072
166,Karnataka,Uttara Kannada,ANANTKUMAR HEGDE,GEN,GENERAL,BJP,Lotus,479649
167,Karnataka,Davanagere,G M SIDDESHWAR,GEN,GENERAL,BJP,Lotus,169702
168,Karnataka,Shimoga,B.Y.RAGHAVENDRA.,GEN,GENERAL,BJP,Lotus,223360
169,Karnataka,Udupi Chikmagalur,SHOBHA KARANDLAJE,GEN,GENERAL,BJP,Lotus,349599
170,Karnataka,Hassan,PRAJWAL REVANNA,GEN,GENERAL,JD(S),A lady farmer carrying paddy on her head,141324
171,Karnataka,Dakshina Kannada,NALIN KUMAR KATEEL,GEN,GENERAL,BJP,Lotus,274621
172,Karnataka,Chitradurga,A NARAYANASWAMY,SC,SC,BJP,Lotus,80178
173,Karnataka,Tumkur,G. S. BASAVARAJ,GEN,GENERAL,BJP,Lotus,13339
174,Karnataka,Mandya,SUMALATHA AMBAREESH,GEN,GENERAL,IND,Man Blowing Turha,125876
175,Karnataka,Mysore,PRATHAP SIMHA,GEN,GENERAL,BJP,Lotus,138647
176,Karnataka,Chamarajanagar,V. SRINIVAS PRASAD,SC,SC,BJP,Lotus,1817
177,Karnataka,Bangalore Rural,D.K. SURESH,GEN,GENERAL,INC,Hand,206870
178,Karnataka,Bangalore North,D.V. Sadananda Gowda,GEN,GENERAL,BJP,Lotus,147518
179,Karnataka,Bangalore central,P. C. Mohan,GEN,GENERAL,BJP,Lotus,70968
180,Karnataka,Bangalore South,TEJASVI SURYA,GEN,GENERAL,BJP,Lotus,331192
181,Karnataka,Chikkballapur,B.N.Bache Gowda,GEN,GENERAL,BJP,Lotus,182110
182,Karnataka,Kolar,S. MUNISWAMY,SC,SC,BJP,Lotus,210021
183,Karnataka,Chikkodi,ANNASAHEB SHANKAR JOLLE,GEN,GENERAL,BJP,Lotus,118877
184,Karnataka,Belgaum,ANGADI SURESH CHANNABASAPPA,GEN,GENERAL,BJP,Lotus,391304
185,Karnataka,Bagalkot,Gaddigoudar Parvatagouda Chandanagouda,GEN,GENERAL,BJP,Lotus,168187
186,Karnataka,Bijapur,JIGAJINAGI RAMESH CHANDAPPA,SC,SC,BJP,Lotus,258038
187,Kerala,Alathur ,RAMYA HARIDAS,SC,SC,INC,Hand,158968
188,Kerala,Thrissur,T. N. PRATHAPAN,GEN,GENERAL,INC,Hand,93633
189,Kerala,Chalakudy,BENNY BEHANAN,GEN,GENERAL,INC,Hand,132274
190,Kerala,Ernakulam,HIBI EDEN,GEN,GENERAL,INC,Hand,169153
191,Kerala,Idukki,Adv. DEAN KURIAKOSE,GEN,GENERAL,INC,Hand,171053
192,Kerala,Kottayam,Thomas Chazhikadan,GEN,GENERAL,KEC(M),Two Leaves,106259
193,Kerala,Alappuzha,Adv. A M ARIFF,GEN,GENERAL,CPIM,"Hammer, Sickle and Star",10474
194,Kerala,Mavelikkara ,KODIKUNNIL SURESH,SC,SC,INC,Hand,61138
195,Kerala,Pathanamthitta,ANTO ANTONY,GEN,GENERAL,INC,Hand,44243
196,Kerala,Kollam,N.K.Premachandran,GEN,GENERAL,RSP,Spade & Stoker,148856
197,Kerala,Attingal,Adv. ADOOR PRAKASH,GEN,GENERAL,INC,Hand,38247
198,Kerala,Thiruvananthapuram,Dr. SHASHI THAROOR,GEN,GENERAL,INC,Hand,99989
199,Kerala,Kasaragod,Rajmohan Unnithan,GEN,GENERAL,INC,Hand,40438
200,Kerala,Kannur,K. SUDHAKARAN,GEN,GENERAL,INC,Hand,94559
201,Kerala,Vadakara,K. MURALEEDHARAN,GEN,GENERAL,INC,Hand,84663
202,Kerala,Wayanad,Rahul Gandhi,GEN,GENERAL,INC,Hand,431770
203,Kerala,Kozhikode,M.K.RAGHAVAN,GEN,GENERAL,INC,Hand,85225
204,Kerala,Malappuram,P.K. Kunhalikutty,GEN,GENERAL,IUML,Ladder,260153
205,Kerala,Ponnani,E. T. Mohammed Basheer,GEN,GENERAL,IUML,Ladder,193273
206,Kerala,Palakkad,V K SREEKANDAN,GEN,GENERAL,INC,Hand,11637
207,Lakshadweep,Lakshadweep,MOHAMMED FAIZAL PP,ST,ST,NCP,Clock,823
208,Madhya Pradesh,DEWAS,MAHENDRA SINGH SOLANKY,SC,SC,BJP,Lotus,372249
209,Madhya Pradesh,UJJAIN,ANIL FIROJIYA,SC,SC,BJP,Lotus,365637
210,Madhya Pradesh,MANDSOUR,Sudheer Gupta,GEN,GENERAL,BJP,Lotus,376734
211,Madhya Pradesh,RATLAM,GUMAN SINGH DAMOR,ST,ST,BJP,Lotus,90636
212,Madhya Pradesh,DHAR,CHATTARSINGH DARBAR,ST,ST,BJP,Lotus,156029
213,Madhya Pradesh,INDORE,SHANKAR LALWANI,GEN,GENERAL,BJP,Lotus,547754
214,Madhya Pradesh,KHARGONE,GAJENDRA UMRAO SINGH PATEL,ST,ST,BJP,Lotus,202510
215,Madhya Pradesh,KHANDWA,NANDKUMAR SINGH CHOUHAN (NANDU BHAIYA),GEN,GENERAL,BJP,Lotus,273343
216,Madhya Pradesh,BETUL,DURGA DAS (D.D.) UIKEY,ST,ST,BJP,Lotus,360241
217,Madhya Pradesh,MORENA,NARENDRA SINGH TOMAR,GEN,GENERAL,BJP,Lotus,113341
218,Madhya Pradesh,BHIND,SANDHYA RAY,SC,SC,BJP,Lotus,199885
219,Madhya Pradesh,GWALIOR,VIVEK NARAYAN SHEJWALKAR,GEN,GENERAL,BJP,Lotus,146842
220,Madhya Pradesh,GUNA,"KRISHNA PAL SINGH ""Dr. K. P. YADAV""",GEN,GENERAL,BJP,Lotus,125549
221,Madhya Pradesh,SAGAR,RAJBAHADUR SINGH,GEN,GENERAL,BJP,Lotus,305542
222,Madhya Pradesh,TIKAMGARH,Dr Virendra Kumar,SC,SC,BJP,Lotus,348059
223,Madhya Pradesh,DAMOH,PRAHALAD SINGH PATEL,GEN,GENERAL,BJP,Lotus,353411
224,Madhya Pradesh,KHAJURAHO,V.D. SHARMA (VISHNU DATT SHARMA),GEN,GENERAL,BJP,Lotus,492382
225,Madhya Pradesh,SATNA,GANESH SINGH,GEN,GENERAL,BJP,Lotus,231473
226,Madhya Pradesh,REWA,JANARDAN MISHRA,GEN,GENERAL,BJP,Lotus,312808
227,Madhya Pradesh,SIDHI,Riti Pathak,GEN,GENERAL,BJP,Lotus,286524
228,Madhya Pradesh,SHAHDOL,HIMADRI SINGH,ST,ST,BJP,Lotus,403333
229,Madhya Pradesh,JABALPUR,RAKESH SINGH,GEN,GENERAL,BJP,Lotus,454744
230,Madhya Pradesh,MANDLA,FAGGAN SINGH KULASTE,ST,ST,BJP,Lotus,97674
231,Madhya Pradesh,BALAGHAT,DR DHAL SINGH BISEN,GEN,GENERAL,BJP,Lotus,242066
232,Madhya Pradesh,CHHINDWARA,NAKUL KAMAL NATH,GEN,GENERAL,INC,Hand,37536
233,Madhya Pradesh,HOSHANGABAD,UDAY PRATAP SINGH,GEN,GENERAL,BJP,Lotus,553682
234,Madhya Pradesh,VIDISHA,Ramakant Bhargava,GEN,GENERAL,BJP,Lotus,503084
235,Madhya Pradesh,BHOPAL,SADHVI PRAGYA SINGH THAKUR,GEN,GENERAL,BJP,Lotus,364822
236,Madhya Pradesh,RAJGARH,RODMAL NAGAR,GEN,GENERAL,BJP,Lotus,431019
237,Maharashtra,Kalyan,Dr. SHRIKANT EKNATH SHINDE,GEN,GENERAL,SHS,Bow and Arrow,344343
238,Maharashtra,Thane,RAJAN BABURAO VICHARE,GEN,GENERAL,SHS,Bow and Arrow,412145
239,Maharashtra,Mumbai North,Gopal Shetty,GEN,GENERAL,BJP,Lotus,465247
240,Maharashtra,Mumbai North West,Gajanan Kirtikar,GEN,GENERAL,SHS,Bow and Arrow,260328
241,Maharashtra,Mumbai North East,Manoj Kotak,GEN,GENERAL,BJP,Lotus,226486
242,Maharashtra,Mumbai North central,POONAM MAHAJAN,GEN,GENERAL,BJP,Lotus,130005
243,Maharashtra,Mumbai South central,Rahul Ramesh Shewale,GEN,SC,SHS,Bow & Arrow,152139
244,Maharashtra,Mumbai   South,Arvind Ganpat Sawant,GEN,GENERAL,SHS,Bow and Arrow,100067
245,Maharashtra,Raigad,Tatkare Sunil Dattatray,GEN,GENERAL,NCP,Clock,31438
246,Maharashtra,Maval,SHRIRANG APPA CHANDU BARNE,GEN,GENERAL,SHS,Bow and Arrow,215913
247,Maharashtra,Nandurbar ,Dr. Heena Vijaykumar Gavit,ST,ST,BJP,Lotus,95629
248,Maharashtra,Pune,Girish Bhalchandra Bapat,GEN,GENERAL,BJP,Lotus,324628
249,Maharashtra,Dhule,Bhamre Subhash Ramrao,GEN,GENERAL,BJP,Lotus,229243
250,Maharashtra,Baramati,Supriya Sule,GEN,GENERAL,NCP,Clock,155774
251,Maharashtra,Jalgaon,Unmesh Bhaiyyasaheb Patil,GEN,GENERAL,BJP,Lotus,411617
252,Maharashtra,Shirur,Dr. Amol Ramsing Kolhe,GEN,GENERAL,NCP,Clock,58483
253,Maharashtra,Raver,Khadse Raksha Nikhil,GEN,GENERAL,BJP,Lotus,335882
254,Maharashtra,Ahmadnagar ,Dr. SUJAY RADHAKRISHNA VIKHEPATIL,GEN,GENERAL,BJP,Lotus,281474
255,Maharashtra,Buldhana,Jadhav Prataprao Ganpatrao,GEN,GENERAL,SHS,Bow and Arrow,133287
256,Maharashtra,Shirdi,SADASHIV KISAN LOKHANDE,SC,SC,SHS,Bow and Arrow,120195
257,Maharashtra,Akola,Dhotre Sanjay Shamrao,GEN,GENERAL,BJP,Lotus,275596
258,Maharashtra,Beed,Pritam Gopinathrao Munde,GEN,GENERAL,BJP,Lotus,168368
259,Maharashtra,Amravati ,Navnit Ravi Rana,SC,SC,IND,Spanner,36951
260,Maharashtra,Osmanabad,Omprakash Bhupalsinh Alias Pawan Rajenimbalkar,GEN,GENERAL,SHS,Bow and Arrow,127566
261,Maharashtra,Wardha,Ramdas Chandrabhanji Tadas,GEN,GENERAL,BJP,Lotus,187191
262,Maharashtra,Latur ,Sudhakar Tukaram Shrangare,SC,SC,BJP,Lotus,289111
263,Maharashtra,Ramtek ,Krupal Balaji Tumane,SC,SC,SHS,Bow and Arrow,126783
264,Maharashtra,Nagpur ,NITIN JAIRAM GADKARI,GEN,GENERAL,BJP,Lotus,216009
265,Maharashtra,Solapur ,SHRI. SHA. BRA. DR. JAI SIDHESHWAR SHIVACHARY MAHASWAMIJI,SC,SC,BJP,Lotus,158608
266,Maharashtra,Bhandara - gondiya,Sunil Baburao Mendhe,GEN,GENERAL,BJP,Lotus,197394
267,Maharashtra,Madha,Ranjeetsinha Hindurao Naik- Nimbalkar,GEN,GENERAL,BJP,Lotus,85764
268,Maharashtra,Gadchiroli-Chimur,ASHOK MAHADEORAO NETE,ST,ST,BJP,Lotus,77526
269,Maharashtra,Sangli,Sanjaykaka Patil,GEN,GENERAL,BJP,Lotus,164352
270,Maharashtra,Chandrapur,Balubhau alias Suresh Narayan Dhanorkar,GEN,GENERAL,INC,Hand,44763
271,Maharashtra,Satara,SHRIMANT CHH. UDAYANRAJE PRATAPSINHMAHARAJ BHONSLE,GEN,GENERAL,NCP,Clock,126528
272,Maharashtra,Ratnagiri - sindhudurg,Vinayak Raut,GEN,GENERAL,SHS,Bow and Arrow,178322
273,Maharashtra,Yavatmal-Washim,Bhavana Pundlikrao Gawali,GEN,GENERAL,SHS,Bow and Arrow,117939
274,Maharashtra,Kolhapur,Sanjay Sadashivrao Mandlik,GEN,GENERAL,SHS,Bow and Arrow,270568
275,Maharashtra,Hingoli ,Hemant Patil,GEN,GENERAL,SHS,Bow and Arrow,277856
276,Maharashtra,Hatkanangle,Dhairyasheel Sambhajirao Mane,GEN,GENERAL,SHS,Bow and Arrow,96039
277,Maharashtra,Nanded,Prataprao Patil Chikhalikar,GEN,GENERAL,BJP,Lotus,40148
278,Maharashtra,Parbhani,JADHAV SANJAY (BANDU) HARIBHAU,GEN,GENERAL,SHS,Bow and Arrow,42199
279,Maharashtra,Jalna,Danve Raosaheb Dadarao,GEN,GENERAL,BJP,Lotus,332815
280,Maharashtra,Aurangabad,Imtiaz Jaleel Syed,GEN,GENERAL,AIMIM,Kite,4492
281,Maharashtra,Dindori ,Dr. Bharati Pravin Pawar,ST,ST,BJP,Lotus,198779
282,Maharashtra,Nashik,Godse Hemant Tukaram,GEN,GENERAL,SHS,Bow and Arrow,292204
283,Maharashtra,Palghar ,Rajendra Dhedya Gavit,ST,ST,SHS,Bow and Arrow,88883
284,Maharashtra,Bhiwandi,KAPIL MORESHWAR PATIL,GEN,GENERAL,BJP,Lotus,156329
285,Manipur,Inner manipur,DR RAJKUMAR RANJAN SINGH,GEN,GENERAL,BJP,Lotus,17755
286,Manipur,Outer manipur,Lorho S. Pfoze,ST,ST,NPF,Cock,73782
287,Meghalaya,Shillong,VINCENT H. PALA,ST,ST,INC,Hand,152433
288,Meghalaya,Tura ,AGATHA K. SANGMA,ST,ST,NPEP,Book,64030
289,Mizoram,MIZORAM,C LALROSANGA,ST,ST,MNF,Star,8140
290,Nagaland,Nagaland,Tokheho Yepthomi,GEN,ST,NDPP,Globe,16344
291,NCT OF Delhi,CHANDNI CHOWK                 ,HARSH VARDHAN,GEN,GENERAL,BJP,Lotus,228145
292,NCT OF Delhi,NORTH EAST DELHI              ,MANOJ TIWARI,GEN,GENERAL,BJP,Lotus,366102
293,NCT OF Delhi,EAST DELHI                    ,GAUTAM GAMBHIR,GEN,GENERAL,BJP,Lotus,391222
294,NCT OF Delhi,NEW DELHI                     ,MEENAKASHI LEKHI,GEN,GENERAL,BJP,Lotus,256504
295,NCT OF Delhi,NORTH WEST DELHI              ,HANS RAJ HANS,SC ,SC,BJP,Lotus,553897
296,NCT OF Delhi,WEST DELHI                    ,PARVESH SAHIB SINGH VERMA,GEN,GENERAL,BJP,Lotus,578486
297,NCT OF Delhi,SOUTH DELHI                   ,RAMESH BIDHURI,GEN,GENERAL,BJP,Lotus,367043
298,Odisha,Sundargarh ,Jual Oram,ST,ST,BJP,Lotus,223065
299,Odisha,Sambalpur,NITESH GANGA DEB,GEN,GENERAL,BJP,Lotus,9162
300,Odisha,Keonjhar ,Chandrani Murmu,ST,ST,BJD,Conch,66203
301,Odisha,Mayurbhanj ,BISHWESWAR TUDU,ST,ST,BJP,Lotus,25256
302,Odisha,Balasore,PRATAP CHANDRA SARANGI,GEN,GENERAL,BJP,Lotus,12956
303,Odisha,Bhadrak ,MANJULATA MANDAL,SC,SC,BJD,Conch,28791
304,Odisha,Jajpur ,SARMISTHA SETHI,SC,SC,BJD,Conch,101693
305,Odisha,Dhenkanal,MAHESH SAHOO,GEN,SC,BJD,Conch,35412
306,Odisha,Bolangir,Sangeeta Kumari Singh Deo,GEN,GENERAL,BJP,Lotus,19516
307,Odisha,Kalahandi,BASANTA KUMAR PANDA,GEN,GENERAL,BJP,Lotus,26814
308,Odisha,Nabarangpur ,RAMESH CHANDRA MAJHI,ST,ST,BJD,Conch,41634
309,Odisha,Kandhamal,ACHYUTANANDA SAMANTA,GEN,GENERAL,BJD,Conch,149216
310,Odisha,Cuttack,BHARTRUHARI MAHTAB,GEN,GENERAL,BJD,Conch,121201
311,Odisha,Kendrapara ,Anubhav Mohanty,GEN,GENERAL,BJD,Conch,153581
312,Odisha,Jagatsinghpur ,RAJASHREE MALLICK,SC,SC,BJD,Conch,271655
313,Odisha,Puri,PINAKI MISRA,GEN,GENERAL,BJD,Conch,11714
314,Odisha,Bhubaneswar,APARAJITA SARANGI,GEN,GENERAL,BJP,Lotus,23839
315,Odisha,Aska,Pramila Bisoyi,GEN,GENERAL,BJD,Conch,204707
316,Odisha,Berhampur,CHANDRA SEKHAR SAHU,GEN,GENERAL,BJD,Conch,94844
317,Odisha,Koraput ,SAPTAGIRI SANKAR ULAKA,ST,ST,INC,Hand,3613
318,Odisha,Bargarh,Suresh Pujari,GEN,GENERAL,BJP,Lotus,63939
319,Puducherry,Puducherry,Ve. VAITHILINGAM,GEN,GENERAL,INC,Hand,197025
320,Punjab,Bathinda,Harsimrat Kaur Badal,GEN,GENERAL,SAD,Scales,21772
321,Punjab,Sangrur,BHAGWANT MANN,GEN,GENERAL,AAAP,Broom,110211
322,Punjab,Patiala,Preneet Kaur,GEN,GENERAL,INC,Hand,162718
323,Punjab,Gurdaspur,SUNNY DEOL,GEN,GENERAL,BJP,Lotus,82459
324,Punjab,Amritsar,GURJEET SINGH AUJLA,GEN,GENERAL,INC,Hand,99626
325,Punjab,Khadoor Sahib,JASBIR SINGH GILL (DIMPA),GEN,GENERAL,INC,Hand,140573
326,Punjab,Jalandhar,Santokh Singh Chaudhary,SC,SC,INC,Hand,19491
327,Punjab,Hoshiarpur,SOM PARKASH,SC,SC,BJP,Lotus,48530
328,Punjab,Anandpur Sahib,Manish Tewari,GEN,GENERAL,INC,Hand,46884
329,Punjab,Ludhiana,RAVNEET SINGH BITTU,GEN,GENERAL,INC,Hand,76372
330,Punjab,Fatehgarh Sahib,AMAR SINGH,SC,SC,INC,Hand,93898
331,Punjab,Faridkot,Mohammad Sadique,SC,SC,INC,Hand,83256
332,Punjab,Firozpur,SUKHBIR SINGH BADAL,GEN,GENERAL,SAD,Scales,198850
333,Rajasthan,Ganganagar,NIHAL CHAND,SC,SC,BJP,Lotus,406978
334,Rajasthan,Bikaner (SC),ARJUN RAM MEGHWAL,SC,SC,BJP,Lotus,264081
335,Rajasthan,Churu,RAHUL KASWAN,GEN,GENERAL,BJP,Lotus,334402
336,Rajasthan,Jhunjhunu,NARENDRA KUMAR,GEN,GENERAL,BJP,Lotus,302547
337,Rajasthan,Sikar,Sumedhanand Saraswati,GEN,GENERAL,BJP,Lotus,297156
338,Rajasthan,Jaipur Rural,COL. RAJYAVARDHAN RATHORE,GEN,GENERAL,BJP,Lotus,393171
339,Rajasthan,Jaipur,Ramcharan Bohra,GEN,GENERAL,BJP,Lotus,430626
340,Rajasthan,Alwar,Balak Nath,GEN,GENERAL,BJP,Lotus,329971
341,Rajasthan,BHARATPUR,RANJEETA KOLI,SC,SC,BJP,Lotus,318399
342,Rajasthan,KARAULI-DHOLPUR,MANOJ RAJORIA,SC,SC,BJP,Lotus,97682
343,Rajasthan,Dausa,Jaskaur Meena,ST,ST,BJP,Lotus,78444
344,Rajasthan,TONK-SAWAI MADHOPUR,Sukhbir Singh Jaunapuria,GEN,GENERAL,BJP,Lotus,111291
345,Rajasthan,Ajmer,Bhagirath Chaudhary,GEN,GENERAL,BJP,Lotus,416424
346,Rajasthan,Nagaur,HANUMAN BENIWAL,GEN,GENERAL,RLTP,Tyres,181260
347,Rajasthan,Pali,P. P. CHAUDHARY,GEN,GENERAL,BJP,Lotus,481597
348,Rajasthan,Jodhpur,Gajendra Singh Shekhawat,GEN,GENERAL,BJP,Lotus,274440
349,Rajasthan,Barmer,KAILASH CHOUDHARY,GEN,GENERAL,BJP,Lotus,323808
350,Rajasthan,Jalore,Devaji Patel,GEN,GENERAL,BJP,Lotus,261110
351,Rajasthan,Udaipur,ARJUNLAL MEENA,ST,ST,BJP,Lotus,437914
352,Rajasthan,Banswara,KANAKMAL KATARA,ST,ST,BJP,Lotus,305464
353,Rajasthan,Chittorgarh,Chandra Prakash Joshi,GEN,GENERAL,BJP,Lotus,576247
354,Rajasthan,Rajsamand,Diya Kumari,GEN,GENERAL,BJP,Lotus,551916
355,Rajasthan,Bhilwara,SUBHASH CHANDRA BAHERIA,GEN,GENERAL,BJP,Lotus,612000
356,Rajasthan,Kota,OM BIRLA,GEN,GENERAL,BJP,Lotus,279677
357,Rajasthan,JHALAWAR-BARAN,DUSHYANT SINGH,GEN,GENERAL,BJP,Lotus,453928
358,Sikkim,Sikkim,INDRA HANG SUBBA,GEN,GENERAL,SKM,Table Lamp,12433
359,Tamil Nadu,Tenkasi ,DHANUSH.M.KUMAR,SC,SC,DMK,Rising Sun,120767
360,Tamil Nadu,Chennai central,DAYANIDHI MARAN,GEN,GENERAL,DMK,Rising Sun,301520
361,Tamil Nadu,Sriperumbudur,Baalu.T.R.,GEN,GENERAL,DMK,Rising Sun,507955
362,Tamil Nadu,Tirunelveli,GNANATHIRAVIAM S,GEN,GENERAL,DMK,Rising Sun,185720
363,Tamil Nadu,Kancheepuram ,Selvam.G,SC,SC,DMK,Rising Sun,286632
364,Tamil Nadu,Kanniyakumari,Vasanthakumar. H,GEN,GENERAL,INC,Hand,259933
365,Tamil Nadu,Arakkonam,S. JAGATHRAKSHAKAN,GEN,GENERAL,DMK,Rising Sun,328956
366,Tamil Nadu,Krishnagiri,Dr.A.CHELLAKUMAR,GEN,GENERAL,INC,Hand,156765
367,Tamil Nadu,Dharmapuri,DNV SENTHILKUMAR. S.,GEN,GENERAL,DMK,Rising Sun,70753
368,Tamil Nadu,Tiruvannamalai,ANNADURAI C N,GEN,GENERAL,DMK,Rising Sun,304187
369,Tamil Nadu,Arani,VISHNU PRASAD M K,GEN,GENERAL,INC,Hand,230806
370,Tamil Nadu,Viluppuram,RAVIKUMAR D,SC,SC,DMK,Rising Sun,128068
371,Tamil Nadu,Kallakurichi,Gautham Sigamani Pon,GEN,GENERAL,DMK,Rising Sun,399919
372,Tamil Nadu,Salem,PARTHIBAN.S.R,GEN,GENERAL,DMK,Rising Sun,146926
373,Tamil Nadu,Namakkal,CHINRAJ A.K.P,GEN,GENERAL,DMK,Rising Sun,265151
374,Tamil Nadu,Erode,GANESHAMURTHI A,GEN,GENERAL,DMK,Rising Sun,210618
375,Tamil Nadu,Tiruppur,"SUBBARAYAN, K.",GEN,GENERAL,CPI,Ears of Corn And Sickle,93368
376,Tamil Nadu,Nilgiris ,"RAJA, A.",SC,SC,DMK,Rising Sun,205823
377,Tamil Nadu,Coimbatore,NATARAJAN. P.R,GEN,GENERAL,CPIM,"Hammer, Sickle and Star",179143
378,Tamil Nadu,Pollachi,SHANMUGA SUNDARAM. K,GEN,GENERAL,DMK,Rising Sun,175883
379,Tamil Nadu,Dindigul,"VELUSAMY, P.",GEN,GENERAL,DMK,Rising Sun,538972
380,Tamil Nadu,Karur,Jothimani S,GEN,GENERAL,INC,Hand,420546
381,Tamil Nadu,Tiruchirappalli,Thirunavukkarasar. SU,GEN,GENERAL,INC,Hand,459286
382,Tamil Nadu,Perambalur,"Dr.PAARIVENDHAR, T. R",GEN,GENERAL,DMK,Rising Sun,403518
383,Tamil Nadu,Cuddalore ,T. R. V .S. RAMESH,GEN,GENERAL,DMK,Rising Sun,143983
384,Tamil Nadu,Chidambaram ,THIRUMAAVALAVAN THOL,SC,SC,VCK,Pot,3219
385,Tamil Nadu,Mayiladuthurai,RAMALINGAM. S,GEN,GENERAL,DMK,Rising Sun,261314
386,Tamil Nadu,Nagapattinam ,SELVARAJ M,SC,SC,CPI,Ears of Corn And Sickle,211353
387,Tamil Nadu,Thanjavur,"PALANIMANICKAM,S.S.",GEN,GENERAL,DMK,Rising Sun,368129
388,Tamil Nadu,Sivaganga,KARTI P CHIDAMBARAM,GEN,GENERAL,INC,Hand,332244
389,Tamil Nadu,Madurai,VENKATESAN S,GEN,GENERAL,CPIM,"Hammer, Sickle and Star",139395
390,Tamil Nadu,Theni ,"RAVEENDRANATH KUMAR, P",GEN,GENERAL,ADMK,Two Leaves,76693
391,Tamil Nadu,Vellore,D.M.KATHIR ANAND,GEN,GENERAL,DMK,Rising Sun,8141
392,Tamil Nadu,Virudhunagar,"MANICKAM TAGORE, B.",GEN,GENERAL,INC,Hand,154554
393,Tamil Nadu,Thiruvallur ,Dr.K.Jayakumar,SC,SC,INC,Hand,356955
394,Tamil Nadu,Ramanathapuram,K. NAVASKANI,GEN,GENERAL,IUML,Ladder,127122
395,Tamil Nadu,Chennai North,Dr. KALANIDHI VEERASWAMY,GEN,GENERAL,DMK,Rising Sun,461518
396,Tamil Nadu,Thoothukkudi,KANIMOZHI KARUNANIDHI,GEN,GENERAL,DMK,Rising Sun,347209
397,Tamil Nadu,Chennai South,T.SUMATHY (A) THAMIZHACHI THANGAPANDIAN,GEN,GENERAL,DMK,Rising Sun,262223
398,Telangana,Peddapalle ,Venkatesh Netha Borlakunta,SC,SC,TRS,Car,95180
399,Telangana,Karimnagar ,BANDI SANJAY KUMAR,GEN,GENERAL,BJP,Lotus,89508
400,Telangana,Nizamabad,ARVIND DHARMAPURI,GEN,GENERAL,BJP,Lotus,70875
401,Telangana,Zahirabad,B.B.PATIL,GEN,GENERAL,TRS,Car,6229
402,Telangana,Medak,Kotha Prabhakar Reddy,GEN,GENERAL,TRS,Car,316427
403,Telangana,Malkajgiri,ANUMULA REVANTH REDDY,GEN,GENERAL,INC,Hand,10919
404,Telangana,Secundrabad,G . KISHAN REDDY,GEN,GENERAL,BJP,Lotus,62114
405,Telangana,Hyderabad,ASADUDDIN OWAISI,GEN,GENERAL,AIMIM,Kite,282186
406,Telangana,CHEVELLA,Dr. G. Ranjith Reddy,GEN,GENERAL,TRS,Car,14317
407,Telangana,Mahbubnagar,MANNE SRINIVAS REDDY,GEN,GENERAL,TRS,Car,77829
408,Telangana,Nagarkurnool,POTHUGANTI RAMULU,SC,SC,TRS,Car,189748
409,Telangana,Nalgonda,UTTAM KUMAR REDDY NALAMADA,GEN,GENERAL,INC,Hand,25682
410,Telangana,Bhongir ,Komati Reddy Venkat Reddy,GEN,GENERAL,INC,Hand,5219
411,Telangana,Warangal,DAYAKAR PASUNOORI,SC,SC,TRS,Car,350298
412,Telangana,Mahabubabad  ,Kavitha Malothu,ST,ST,TRS,Car,146663
413,Telangana,Khammam ,NAMA NAGESWR RAO,GEN,GENERAL,TRS,Car,168062
414,Telangana,Adilabad ,SOYAM BAPU RAO,ST,ST,BJP,Lotus,58560
415,Tripura,Tripura West,Pratima Bhoumik,GEN,GENERAL,BJP,Lotus,305689
416,Tripura,Tripura East,Rebati Tripura,ST,ST,BJP,Lotus,204290
417,Uttar Pradesh,Domariyaganj,JAGDAMBIKA PAL,GEN,GENERAL,BJP,Lotus,105321
418,Uttar Pradesh,Kheri,Ajay Kumar,GEN,GENERAL,BJP,Lotus,218807
419,Uttar Pradesh,Basti,HARISH CHANDRA ALIAS HARISH DWIVEDI,GEN,GENERAL,BJP,Lotus,30354
420,Uttar Pradesh,Dhaurahra,REKHA VERMA,GEN,GENERAL,BJP,Lotus,160611
421,Uttar Pradesh,Sant Kabir Nagar,PRAVEEN KUMAR NISHAD,GEN,ST,BJP,Lotus,35749
422,Uttar Pradesh,Sitapur,Rajesh Verma,GEN,GENERAL,BJP,Lotus,100833
423,Uttar Pradesh,Maharajganj,PANKAJ CHOUDHARY,GEN,GENERAL,BJP,Lotus,340424
424,Uttar Pradesh,Hardoi,Jai Prakash,SC,SC,BJP,Lotus,132474
425,Uttar Pradesh,Gorakhpur,Ravindra Shyamnarayan Shukla alias Ravi Kishan,GEN,GENERAL,BJP,Lotus,301664
426,Uttar Pradesh,Misrikh,Ashok Kumar Rawat,SC,SC,BJP,Lotus,100672
427,Uttar Pradesh,Saharanpur,HAJI FAZLUR REHMAN,GEN,GENERAL,BSP,Elephant,22417
428,Uttar Pradesh,Kushi Nagar,VIJAY KUMAR DUBEY,GEN,GENERAL,BJP,Lotus,337560
429,Uttar Pradesh,Unnao,Swami Sakshi Ji Maharaj,GEN,GENERAL,BJP,Lotus,400956
430,Uttar Pradesh,Kairana,Pradeep Kumar,GEN,GENERAL,BJP,Lotus,92160
431,Uttar Pradesh,Deoria,RAMAPATI RAM TRIPATHI,GEN,GENERAL,BJP,Lotus,249931
432,Uttar Pradesh,Mohanlalganj,Kaushal Kishore,SC,SC,BJP,Lotus,90204
433,Uttar Pradesh,Muzaffarnagar,Sanjeev Kumar Balyan,GEN,GENERAL,BJP,Lotus,6526
434,Uttar Pradesh,Bansgaon,Kamlesh Paswan,SC,SC,BJP,Lotus,153468
435,Uttar Pradesh,Lucknow,Rajnath Singh,GEN,GENERAL,BJP,Lotus,347302
436,Uttar Pradesh,Bijnor,MALOOK NAGAR,GEN,GENERAL,BSP,Elephant,69941
437,Uttar Pradesh,Lalganj,Sangeeta Azad,SC,SC,BSP,Elephant,161597
438,Uttar Pradesh,Rae Bareli,SONIA GANDHI,GEN,GENERAL,INC,Hand,167178
439,Uttar Pradesh,Nagina,GIRISH CHANDRA,SC,SC,BSP,Elephant,166832
440,Uttar Pradesh,Azamgarh,Akhilesh Yadav,GEN,GENERAL,SP,Bicycle,259874
441,Uttar Pradesh,Amethi,Smriti Irani,GEN,GENERAL,BJP,Lotus,55120
442,Uttar Pradesh,Sultanpur,MANEKA SANJAI GANDHI,GEN,GENERAL,BJP,Lotus,14526
443,Uttar Pradesh,Moradabad,Dr. S.T. HASAN,GEN,GENERAL,SP,Bicycle,97878
444,Uttar Pradesh,Ghosi,ATUL KUMAR SINGH,GEN,GENERAL,BSP,Elephant,122568
445,Uttar Pradesh,Pratapgarh,SANGAM LAL GUPTA,GEN,GENERAL,BJP,Lotus,117752
446,Uttar Pradesh,Rampur,Mohammad Azam Khan,GEN,GENERAL,SP,Bicycle,109997
447,Uttar Pradesh,Salempur,RAVINDER,GEN,GENERAL,BJP,Lotus,112615
448,Uttar Pradesh,Farrukhabad,Mukesh Rajput,GEN,GENERAL,BJP,Lotus,221702
449,Uttar Pradesh,Sambhal,DR. SHAFIQUR REHMAN BARQ,GEN,GENERAL,SP,Bicycle,174826
450,Uttar Pradesh,Ballia,Virendra Singh,GEN,GENERAL,BJP,Lotus,15519
451,Uttar Pradesh,Etawah,Dr RAM SHANKAR KATHERIA,SC,SC,BJP,Lotus,64437
452,Uttar Pradesh,Amroha,KUNWAR DANISH ALI,GEN,GENERAL,BSP,Elephant,63248
453,Uttar Pradesh,Kannauj,SUBRAT PATHAK,GEN,GENERAL,BJP,Lotus,12353
454,Uttar Pradesh,Meerut,RAJENDRA AGARWAL,GEN,GENERAL,BJP,Lotus,4729
455,Uttar Pradesh,Kanpur,Satyadev Pachauri,GEN,GENERAL,BJP,Lotus,155934
456,Uttar Pradesh,Baghpat,Dr. SATYAPAL SINGH,GEN,GENERAL,BJP,Lotus,23502
457,Uttar Pradesh,Jaunpur,SHYAM SINGH YADAV,GEN,GENERAL,BSP,Elephant,80936
458,Uttar Pradesh,Machhlishahr,Bholanath (B.P. Saroj),SC,SC,BJP,Lotus,181
459,Uttar Pradesh,Akbarpur,Devendra Singh 'Bhole',GEN,GENERAL,BJP,Lotus,275142
460,Uttar Pradesh,Ghaziabad,Vijay Kumar Singh,GEN,GENERAL,BJP,Lotus,501500
461,Uttar Pradesh,Ghazipur,AFZAL ANSARI,GEN,GENERAL,BSP,Elephant,119392
462,Uttar Pradesh,Jalaun,BHANU PRATAP SINGH VERMA,SC,SC,BJP,Lotus,158377
463,Uttar Pradesh,Gautam Buddha Nagar,Dr. MAHESH SHARMA,GEN,GENERAL,BJP,Lotus,336922
464,Uttar Pradesh,Chandauli,Dr. Mahendra Nath Pandey,GEN,GENERAL,BJP,Lotus,13959
465,Uttar Pradesh,Jhansi,Anurag Sharma,GEN,GENERAL,BJP,Lotus,365683
466,Uttar Pradesh,Bulandshahr,BHOLA SINGH,SC,SC,BJP,Lotus,290057
467,Uttar Pradesh,Varanasi,NARENDRA MODI,GEN,GENERAL,BJP,Lotus,479505
468,Uttar Pradesh,Hamirpur,KUNWAR PUSHPENDRA SINGH CHANDEL,GEN,GENERAL,BJP,Lotus,248652
469,Uttar Pradesh,Aligarh,SATISH KUMAR GAUTAM,GEN,GENERAL,BJP,Lotus,229261
470,Uttar Pradesh,Bhadohi,RAMESH CHAND,GEN,GENERAL,BJP,Lotus,43615
471,Uttar Pradesh,Banda,R.K. SINGH PATEL,GEN,GENERAL,BJP,Lotus,58938
472,Uttar Pradesh,Hathras,RAJVIR DILER,SC,SC,BJP,Lotus,260208
473,Uttar Pradesh,Mirzapur,Anupriya Singh Patel,GEN,GENERAL,ADAL,Cup & Saucer,232008
474,Uttar Pradesh,Fatehpur,NIRANJAN JYOTI,GEN,GENERAL,BJP,Lotus,198205
475,Uttar Pradesh,Mathura,HEMA MALINI,GEN,GENERAL,BJP,Lotus,293471
476,Uttar Pradesh,Robertsganj,PAKAURI LAL KOL,SC,SC,ADAL,Cup & Saucer,54336
477,Uttar Pradesh,Kaushambi,VINOD KUMAR SONKAR,SC,SC,BJP,Lotus,38722
478,Uttar Pradesh,Agra,Satyapal Singh Baghel,SC,SC,BJP,Lotus,211546
479,Uttar Pradesh,Phulpur,Keshari Devi Patel,GEN,GENERAL,BJP,Lotus,171968
480,Uttar Pradesh,Fatehpur Sikri,RAJKUMAR CHAHAR,GEN,GENERAL,BJP,Lotus,495065
481,Uttar Pradesh,Allahabad,Rita Bahuguna Joshi,GEN,GENERAL,BJP,Lotus,184275
482,Uttar Pradesh,Firozabad,Dr. Chandra Sen Jadon,GEN,GENERAL,BJP,Lotus,28781
483,Uttar Pradesh,Barabanki,Upendra Singh Rawat,SC,SC,BJP,Lotus,110140
484,Uttar Pradesh,Mainpuri,MULAYAM SINGH YADAV,GEN,GENERAL,SP,Bicycle,94389
485,Uttar Pradesh,Faizabad,LALLU SINGH,GEN,GENERAL,BJP,Lotus,65477
486,Uttar Pradesh,Etah,Rajveer Singh (Raju Bhaiya),GEN,GENERAL,BJP,Lotus,122670
487,Uttar Pradesh,Ambedkar Nagar,Ritesh Pandey,GEN,GENERAL,BSP,Elephant,95880
488,Uttar Pradesh,Badaun,Dr. Sanghmitra Maurya,GEN,GENERAL,BJP,Lotus,18454
489,Uttar Pradesh,Bahraich,AKSHAIBAR LAL,SC,SC,BJP,Lotus,128752
490,Uttar Pradesh,Aonla,DHARMENDRA KASHYAP,GEN,GENERAL,BJP,Lotus,113743
491,Uttar Pradesh,Kaiserganj,Brijbhusan Sharan Singh,GEN,GENERAL,BJP,Lotus,261601
492,Uttar Pradesh,Bareilly,SANTOSH KUMAR GANGWAR,GEN,GENERAL,BJP,Lotus,167282
493,Uttar Pradesh,Shrawasti,RAM SHIROMANI,GEN,GENERAL,BSP,Elephant,5320
494,Uttar Pradesh,Pilibhit,Feroze Varun Gandhi,GEN,GENERAL,BJP,Lotus,255627
495,Uttar Pradesh,Gonda,KIRTI VARDHAN SINGH ALIAS RAJA BHAIYA,GEN,GENERAL,BJP,Lotus,166360
496,Uttar Pradesh,Shahjahanpur,Arun Kumar Sagar,SC,SC,BJP,Lotus,268418
497,Uttarakhand,Tehri Garhwal,MALA RAJYA LAXMI SHAH,GEN,GENERAL,BJP,Lotus,300586
498,Uttarakhand,Garhwal,Tirath Singh Rawat,GEN,GENERAL,BJP,Lotus,302669
499,Uttarakhand,Almora,Ajay Tamta,SC,SC,BJP,Lotus,232986
500,Uttarakhand,Nainital-udhamsingh Nagar,Ajay Bhatt,GEN,GENERAL,BJP,Lotus,339096
501,Uttarakhand,Hardwar,Ramesh Pokhriyal 'Nishank',GEN,GENERAL,BJP,Lotus,258729
502,West Bengal,Birbhum,SATABDI ROY,GEN,GENERAL,AITC,Flowers and Grass,88924
503,West Bengal,Baharampur,ADHIR RANJAN CHOWDHURY,GEN,GENERAL,INC,Hand,80696
504,West Bengal,Murshidabad,ABU TAHER KHAN,GEN,GENERAL,AITC,Flowers and Grass,226417
505,West Bengal,Krishnanagar,MAHUA MOITRA,GEN,GENERAL,AITC,Flowers and Grass,63218
506,West Bengal,Ranaghat,JAGANNATH SARKAR,SC,SC,BJP,Lotus,233428
507,West Bengal,Bangaon,SHANTANU THAKUR,SC,SC,BJP,Lotus,111594
508,West Bengal,Barrackpore,ARJUN SINGH,GEN,GENERAL,BJP,Lotus,14857
509,West Bengal,Dum dum,SOUGATA RAY,GEN,GENERAL,AITC,Flowers and Grass,53002
510,West Bengal,Barasat,Dr. Kakoli Ghoshdastidar,GEN,GENERAL,AITC,Flowers and Grass,110169
511,West Bengal,Basirhat,Nusrat Jahan Ruhi,GEN,GENERAL,AITC,Flowers and Grass,350369
512,West Bengal,Jaynagar,PRATIMA MONDAL,SC,SC,AITC,Flowers and Grass,316775
513,West Bengal,Mathurapur,CHOUDHURY MOHAN JATUA,SC,SC,AITC,Flowers and Grass,203974
514,West Bengal,Diamond harbour,ABHISHEK BANERJEE,GEN,GENERAL,AITC,Flowers and Grass,320594
515,West Bengal,Jadavpur,MIMI CHAKRABORTY,GEN,GENERAL,AITC,Flowers and Grass,295239
516,West Bengal,Kolkata Dakshin,Mala Roy,GEN,GENERAL,AITC,Flowers and Grass,155192
517,West Bengal,Kolkata Uttar,BANDYOPADHYAY SUDIP,GEN,GENERAL,AITC,Flowers and Grass,127095
518,West Bengal,Howrah,Prasun Banerjee,GEN,GENERAL,AITC,Flowers and Grass,103695
519,West Bengal,Uluberia,SAJDA AHMED,GEN,GENERAL,AITC,Flowers and Grass,215359
520,West Bengal,Srerampur,KALYAN BANERJEE,GEN,GENERAL,AITC,Flowers and Grass,98536
521,West Bengal,Hooghly,LOCKET CHATTERJEE,GEN,GENERAL,BJP,Lotus,73362
522,West Bengal,Arambagh,APARUPA PODDAR (AFRIN ALI),SC,SC,AITC,Flowers and Grass,1142
523,West Bengal,Tamluk,Adhikari Dibyendu,GEN,GENERAL,AITC,Flowers and Grass,190165
524,West Bengal,Kanthi,Adhikari Sisir,GEN,GENERAL,AITC,Flowers and Grass,111668
525,West Bengal,Ghatal,ADHIKARI DEEPAK (DEV),GEN,GENERAL,AITC,Flowers and Grass,107973
526,West Bengal,Jhargram,Kunar Hembram,ST,ST,BJP,Lotus,11767
527,West Bengal,Cooch behar,NISITH PRAMANIK,SC,SC,BJP,Lotus,54231
528,West Bengal,Medinipur,Dilip Ghosh,GEN,GENERAL,BJP,Lotus,88952
529,West Bengal,Alipurduars,JOHN BARLA,ST,ST,BJP,Lotus,243989
530,West Bengal,Purulia,JYOTIRMAY SINGH MAHATO,GEN,GENERAL,BJP,Lotus,204732
531,West Bengal,Jalpaiguri,Dr. JAYANTA KUMAR ROY,SC,SC,BJP,Lotus,184004
532,West Bengal,Bankura,DR. SUBHAS SARKAR,GEN,GENERAL,BJP,Lotus,174333
533,West Bengal,Darjeeling,RAJU BISTA,GEN,GENERAL,BJP,Lotus,413443
534,West Bengal,Bishnupur,KHAN SAUMITRA,SC,SC,BJP,Lotus,78047
535,West Bengal,Raiganj,DEBASREE CHAUDHURI,GEN,GENERAL,BJP,Lotus,60574
536,West Bengal,Bardhaman Purba,SUNIL KUMAR MONDAL,SC,SC,AITC,Flowers and Grass,89311
537,West Bengal,Balurghat,Sukanta Majumdar,GEN,GENERAL,BJP,Lotus,33293
538,West Bengal,Bardhaman Durgapur,S.S AHLUWALIA,GEN,GENERAL,BJP,Lotus,2439
539,West Bengal,Maldaha Uttar,KHAGEN MURMU,GEN,ST,BJP,Lotus,84288
540,West Bengal,Asansol,BABUL SUPRIYO,GEN,GENERAL,BJP,Lotus,197637
541,West Bengal,Maldaha Dakshin,ABU HASEM KHAN CHOWDHURY (DALU),GEN,GENERAL,INC,Hand,8222
542,West Bengal,Bolpur,ASIT KUMAR MAL,SC,SC,AITC,Flowers and Grass,106402
543,West Bengal,Jangipur,KHALILUR RAHAMAN,GEN,GENERAL,AITC,Flowers and Grass,245782
,,,,,,,,
,,,,,,,,
,,,,,,,,
Disclaimer,,,,,,,,
"This report is based on Index Cards data made available by concerned Returning Officers on the basis of Statutory data maintained in the forms. In case of any dispute, the data maintained in the Statutory Forms by the concerned Returning Officers shall prevail.",,,,,,,,